{"HighScore":28,"SpawnDelay":2.646036386489868,"TotalGameplayTime":60.0,"BG_Volume":0.05574975162744522,"SFX_Volume":0.07308998703956604,"BGMusic_mute":false,"SFX_mute":false}