{"HighScore":28,"SpawnDelay":2.646036386489868,"TotalGameplayTime":60.0,"BG_Volume":0.05635889619588852,"SFX_Volume":0.07308998703956604,"BGMusic_mute":true,"SFX_mute":true}